Title and Day Published,Title,Publish Date,Publish Time (EST),Days Since Published,Views,Views per Day,Likes,Like to View Ratio,Comments,Comment to View Ratio,Duration in Seconds,Duration in Minutes
"If You Build It, I'll Pay For It! - (2022-12-31)","If You Build It, I'll Pay For It!",2022-12-31,2022-12-31 15:00:04,11,15687070,1426097.3,588399,0.03750853409846453,19478,0.0012416595323409662,702,11.7
World's Hardest Challenge! - (2022-12-16),World's Hardest Challenge!,2022-12-16,2022-12-16 17:18:00,26,17389618,668831.5,537037,0.030882622033445474,22832,0.001312967311875396,870,14.5
100 Youtuber Minecraft Battle Royale! - (2022-10-28),100 Youtuber Minecraft Battle Royale!,2022-10-28,2022-10-28 16:00:09,75,17501871,233358.3,989063,0.056511843790872415,45756,0.002614349060166196,963,16.05
"Extreme $1,000,000 Challenge! - (2022-10-12)","Extreme $1,000,000 Challenge!",2022-10-12,2022-10-12 15:00:12,91,10040597,110336.2,393672,0.03920802717208947,11485,0.0011438562866331553,643,10.716666666666667
Minecraft with Ultra Realistic Graphics! - (2022-09-16),Minecraft with Ultra Realistic Graphics!,2022-09-16,2022-09-16 14:00:37,117,14697558,125620.2,485063,0.03300296552665415,12969,0.0008823914829932972,527,8.783333333333333
Extreme Squid Game Challenge! - (2022-08-26),Extreme Squid Game Challenge!,2022-08-26,2022-08-26 13:00:55,138,12723772,92201.2,494827,0.0388899612473408,17336,0.001362489048059019,530,8.833333333333334
World's Fastest Car! - (2022-07-09),World's Fastest Car!,2022-07-09,2022-07-09 11:00:01,186,32293973,173623.5,656328,0.02032354458214231,20581,0.0006373015794619015,578,9.633333333333333
"100 Kills = $500,000 Challenge! - (2022-06-29)","100 Kills = $500,000 Challenge!",2022-06-29,2022-06-29 12:30:08,196,11257406,57435.7,389050,0.03455947133824613,16888,0.001500167978306903,533,8.883333333333333
1000 People Simulate Civilization! - (2022-06-07),1000 People Simulate Civilization!,2022-06-07,2022-06-07 13:00:26,218,18538226,85037.7,642962,0.034683038172045155,19676,0.001061374481031788,484,8.066666666666666
World's Largest Experiment! - (2022-05-22),World's Largest Experiment!,2022-05-22,2022-05-22 13:00:05,234,33384155,142667.3,667706,0.02000068595415999,20052,0.0006006442277781181,629,10.483333333333333
"Insane $100,000 Challenge! - (2022-04-24)","Insane $100,000 Challenge!",2022-04-24,2022-04-24 12:00:22,262,20579934,78549.4,670930,0.032601173550896714,22361,0.0010865438149607282,586,9.766666666666667
"$1 VS $29,000 House! - (2022-03-23)","$1 VS $29,000 House!",2022-03-23,2022-03-23 13:00:00,294,30280655,102995.4,908513,0.030003082826312706,30380,0.0010032808074990451,542,9.033333333333333
"1,000 Tanks Vs Titan Enderman! - (2022-03-05)","1,000 Tanks Vs Titan Enderman!",2022-03-05,2022-03-05 14:00:10,312,55163796,176807.0,1097800,0.019900733444812246,52990,0.0009605937923488804,657,10.95
World's Largest Challenge! - (2022-01-28),World's Largest Challenge!,2022-01-28,2022-01-28 14:00:24,348,34595565,99412.5,889305,0.025705751589835287,25857,0.0007474079408733461,586,9.766666666666667
10 vs 1000 Player Manhunt! - (2021-12-23),10 vs 1000 Player Manhunt!,2021-12-23,2021-12-23 14:01:08,384,26208430,68251.1,844670,0.03222894313013027,28318,0.0010804920401565451,674,11.233333333333333
GTA Wanted Level 100! - (2021-11-27),GTA Wanted Level 100!,2021-11-27,2021-11-27 16:00:10,410,40780735,99465.2,895838,0.021967186221631366,20861,0.0005115405595313571,481,8.016666666666667
"100,000 Player Building Challenge! - (2021-11-07)","100,000 Player Building Challenge!",2021-11-07,2021-11-07 14:00:12,430,36376868,84597.4,955252,0.026259874819349483,39008,0.0010723298113515436,520,8.666666666666666
Blowing Up Earth! - (2021-10-21),Blowing Up Earth!,2021-10-21,2021-10-21 13:01:55,447,55501439,124164.3,1032442,0.01860207624526636,29119,0.0005246530634998491,500,8.333333333333334
"$45,600 Squid Game Challenge! - (2021-10-14)","$45,600 Squid Game Challenge!",2021-10-14,2021-10-14 13:00:17,454,70602968,155513.1,1724321,0.02442278347278545,55941,0.000792332129720099,681,11.35
"First To Raid Island Wins $100,000! - (2021-10-05)","First To Raid Island Wins $100,000!",2021-10-05,2021-10-05 13:36:04,463,13518275,29197.1,509393,0.037681804816073056,17249,0.001275976409712038,496,8.266666666666667
Don't Open The Wrong Box! - (2021-09-29),Don't Open The Wrong Box!,2021-09-29,2021-09-29 13:15:31,469,32974495,70308.1,790151,0.02396248979703859,20915,0.0006342780988761162,650,10.833333333333334
1000 vs 1000 Player War! - (2021-09-11),1000 vs 1000 Player War!,2021-09-11,2021-09-11 13:03:40,487,31440102,64558.7,959493,0.0305181261816517,87447,0.002781384106196602,485,8.083333333333334
"100 People Decide Who Wins $30,000! - (2021-09-01)","100 People Decide Who Wins $30,000!",2021-09-01,2021-09-01 13:00:28,497,29538937,59434.5,775769,0.026262590288878708,21237,0.0007189493650363925,561,9.35
"$2 VS $16,000 Minecraft House! - (2021-08-25)","$2 VS $16,000 Minecraft House!",2021-08-25,2021-08-25 13:10:20,504,61265207,121558.0,1754730,0.02864154200931697,75108,0.0012259486856871307,644,10.733333333333333
World's Most Overpowered Weapons! - (2021-08-11),World's Most Overpowered Weapons!,2021-08-11,2021-08-11 14:34:46,518,26662579,51472.2,671215,0.02517442142412405,34333,0.0012876848859969623,594,9.9
$1000 For Every Kill! - (2021-07-25),$1000 For Every Kill!,2021-07-25,2021-07-25 16:21:05,535,19465926,36384.9,606859,0.031175449860438183,32345,0.0016616214404596011,519,8.65
I Survived 100 Days Of Hardcore Minecraft! - (2021-07-22),I Survived 100 Days Of Hardcore Minecraft!,2021-07-22,2021-07-22 14:46:51,538,77853993,144710.0,1315027,0.016890938400551916,78901,0.0010134483404081792,937,15.616666666666667
Walking Across The Entire Universe! - (2021-07-08),Walking Across The Entire Universe!,2021-07-08,2021-07-08 13:00:06,552,26702339,48373.8,735629,0.02754923454458428,29250,0.0010954096568094652,625,10.416666666666666
1 vs 100 Player Manhunt! - (2021-06-30),1 vs 100 Player Manhunt!,2021-06-30,2021-06-30 14:25:11,560,61689553,110159.9,1109804,0.01799014494399076,37441,0.0006069261030307677,763,12.716666666666667
World’s Largest Ramp! - (2021-06-11),World’s Largest Ramp!,2021-06-11,2021-06-11 14:27:22,579,51276774,88560.9,961807,0.0187571667437581,37494,0.0007312082464470171,562,9.366666666666667
I Gave Away My Credit Card! - (2021-06-04),I Gave Away My Credit Card!,2021-06-04,2021-06-04 13:10:09,586,25186343,42980.1,750750,0.02980782084957709,28258,0.0011219572448449542,483,8.05
"10,000 Zombies vs Mutant Wither! - (2021-05-22)","10,000 Zombies vs Mutant Wither!",2021-05-22,2021-05-22 13:38:56,599,64881064,108315.6,1142283,0.01760579943633477,37804,0.0005826661535636962,520,8.666666666666666
"Mining 1,000,000 Blocks Alone! - (2021-05-12)","Mining 1,000,000 Blocks Alone!",2021-05-12,2021-05-12 13:18:01,609,52377738,86006.1,1254841,0.02395752561899485,40790,0.0007787659711459857,540,9.0
If You Build A Lamborghini I'll Pay For It! - (2021-04-26),If You Build A Lamborghini I'll Pay For It!,2021-04-26,2021-04-26 13:08:34,625,63987753,102380.4,1695806,0.02650204016384198,74070,0.00115756526096486,624,10.4
"$10,000 For Every Diamond! - (2021-04-22)","$10,000 For Every Diamond!",2021-04-22,2021-04-22 13:00:13,629,57180909,90907.6,1164596,0.020366867550146852,28513,0.0004986454482561654,605,10.083333333333334
1000 People Build 10 Countries! - (2021-04-15),1000 People Build 10 Countries!,2021-04-15,2021-04-15 14:07:15,636,48519427,76288.4,1130952,0.023309261257351617,40431,0.0008332950840495292,599,9.983333333333333
World’s Largest Explosion! - (2021-04-07),World’s Largest Explosion!,2021-04-07,2021-04-07 13:45:24,644,112736330,175056.4,1585856,0.01406694718552573,76483,0.0006784237166492825,512,8.533333333333333
Hide And Seek Across The Earth! - (2021-04-04),Hide And Seek Across The Earth!,2021-04-04,2021-04-04 13:14:54,647,63981134,98888.9,1395911,0.021817540776942153,66818,0.0010443391015857893,589,9.816666666666666
"Giving A Random Player $50,000 If We Win! - (2021-03-30)","Giving A Random Player $50,000 If We Win!",2021-03-30,2021-03-30 15:01:46,652,22078872,33863.3,745953,0.033785829276060844,40906,0.0018527214614949532,482,8.033333333333333
1000 People vs 1 Infected! - (2021-03-28),1000 People vs 1 Infected!,2021-03-28,2021-03-28 13:16:11,654,38505052,58876.2,1447970,0.037604675874739764,33934,0.0008812869542417447,546,9.1
"Donating $100,000 To Twitch Streamers! - (2021-03-25)","Donating $100,000 To Twitch Streamers!",2021-03-25,2021-03-25 14:48:36,657,50268863,76512.7,1475665,0.029355448123025978,46994,0.0009348530520771874,623,10.383333333333333
"Would You Risk $5,000 for $100,000? - (2021-03-16)","Would You Risk $5,000 for $100,000?",2021-03-16,2021-03-16 14:21:11,666,66758700,100238.3,1373430,0.020573048905985287,44454,0.0006658907378364168,629,10.483333333333333
"Donating $50,000 If You Beat Minecraft! - (2021-03-07)","Donating $50,000 If You Beat Minecraft!",2021-03-07,2021-03-07 16:23:48,675,40227249,59595.9,1045918,0.02600023680465945,36106,0.0008975508118887275,530,8.833333333333334
"I Hosted A $50,000 Talent Show! - (2021-02-28)","I Hosted A $50,000 Talent Show!",2021-02-28,2021-02-28 15:06:49,682,29377835,43076.0,846006,0.02879742499745131,37016,0.0012599975457687743,722,12.033333333333333
Minecraft But Everything is 10x Bigger! - (2021-02-24),Minecraft But Everything is 10x Bigger!,2021-02-24,2021-02-24 14:15:59,686,29821590,43471.7,695700,0.023328735992950073,31876,0.0010688900222959271,541,9.016666666666667
1 vs 10 Hunters in GTA! - (2021-02-16),1 vs 10 Hunters in GTA!,2021-02-16,2021-02-16 14:03:45,694,61419352,88500.5,1117116,0.018188339075931637,35317,0.0005750142072485558,605,10.083333333333334
I Walked Across The Earth! - (2021-02-03),I Walked Across The Earth!,2021-02-03,2021-02-03 14:15:52,707,40457615,57224.3,1100732,0.027207041245510887,57513,0.0014215617999232036,638,10.633333333333333
1000 Zombies vs Mutant Enderman! - (2021-01-27),1000 Zombies vs Mutant Enderman!,2021-01-27,2021-01-27 14:00:23,714,79373721,111167.7,1453163,0.018307860355948287,50040,0.0006304353552985124,616,10.266666666666667
The Hardest Lava Escape! - (2021-01-23),The Hardest Lava Escape!,2021-01-23,2021-01-23 14:03:59,718,21463234,29893.1,746359,0.03477383697163251,29304,0.0013653114903373835,484,8.066666666666666
"I Hid $100,000 On The Dream SMP! - (2021-01-13)","I Hid $100,000 On The Dream SMP!",2021-01-13,2021-01-13 15:08:43,728,35341897,48546.6,1019148,0.02883682220000811,48191,0.0013635657418162924,616,10.266666666666667
"If You Build a House, I'll Pay For It! - (2021-01-02)","If You Build a House, I'll Pay For It!",2021-01-02,2021-01-02 14:07:38,739,90081433,121896.4,2218173,0.024624086519582786,83515,0.0009271055890063383,610,10.166666666666666
I Tried The First Ever Version Of Minecraft! - (2020-12-27),I Tried The First Ever Version Of Minecraft!,2020-12-27,2020-12-27 14:05:40,745,31537073,42331.6,810912,0.02571297596324174,38912,0.0012338494444300522,594,9.9
"Bedwars, But With 100 Players! - (2020-12-24)","Bedwars, But With 100 Players!",2020-12-24,2020-12-24 16:02:02,748,42030598,56190.6,847845,0.02017208986653009,33259,0.0007913044682352604,583,9.716666666666667
"Minecraft, But It's Only One Block! - (2020-12-17)","Minecraft, But It's Only One Block!",2020-12-17,2020-12-17 15:14:17,755,90890829,120385.2,1054679,0.011603799982944373,34053,0.00037465826172627384,607,10.116666666666667
"Donating $50,000 To Streamers With 0 Viewers - (2020-12-13)","Donating $50,000 To Streamers With 0 Viewers",2020-12-13,2020-12-13 14:10:23,759,60256174,79388.9,2575730,0.042746325048782556,85611,0.0014207838685542829,603,10.05
I Modded Among Us With 100 Zombies! - (2020-12-11),I Modded Among Us With 100 Zombies!,2020-12-11,2020-12-11 14:23:18,761,33101091,43496.8,707802,0.021383041423015333,25719,0.0007769834535061095,527,8.783333333333333
"Minecraft, But With Only 1 Heart! - (2020-12-07)","Minecraft, But With Only 1 Heart!",2020-12-07,2020-12-07 14:01:20,765,27374941,35784.2,774798,0.028303184288141478,24899,0.0009095544717338387,606,10.1
"I Made a $100,000 Among Us Tournament! - (2020-12-04)","I Made a $100,000 Among Us Tournament!",2020-12-04,2020-12-04 15:41:15,768,56408291,73448.3,1249502,0.022151034499520647,47092,0.0008348418142999581,612,10.2
I Made 100 Players Escape An Impossible Maze! - (2020-12-02),I Made 100 Players Escape An Impossible Maze!,2020-12-02,2020-12-02 15:01:02,770,69113426,89757.7,1391458,0.02013296229881586,37461,0.0005420220378020328,616,10.266666666666667
I Won The Hardest Round Ever in Among US! - (2020-11-29),I Won The Hardest Round Ever in Among US!,2020-11-29,2020-11-29 16:19:06,773,22533187,29150.3,644401,0.02859786323168578,20693,0.0009183343661063124,570,9.5
"100 Players, But Lava Rises Every Minute! - (2020-11-27)","100 Players, But Lava Rises Every Minute!",2020-11-27,2020-11-27 16:10:15,775,63663043,82145.9,926600,0.01455475510336507,36806,0.0005781376174557035,601,10.016666666666667
The Biggest Outplay Ever in 3D Among Us! - (2020-11-25),The Biggest Outplay Ever in 3D Among Us!,2020-11-25,2020-11-25 15:10:59,777,17173224,22102.0,502522,0.029261948717375374,18417,0.0010724253058132824,606,10.1
"Last To Leave Circle Wins $10,000! - (2020-11-21)","Last To Leave Circle Wins $10,000!",2020-11-21,2020-11-21 15:40:22,781,34079728,43636.0,806710,0.023671257000642727,28984,0.000850476271406861,606,10.1
"Minecraft, But Every Minute There's Random Chaos! - (2020-11-19)","Minecraft, But Every Minute There's Random Chaos!",2020-11-19,2020-11-19 15:10:57,783,46798155,59767.8,780429,0.016676490771911842,29536,0.0006311359924338897,615,10.25
"I Made a $50,000 Player Building Competition! - (2020-11-17)","I Made a $50,000 Player Building Competition!",2020-11-17,2020-11-17 14:58:13,785,31941780,40690.2,826703,0.025881557007781032,39394,0.0012333063467345902,614,10.233333333333333
"Among Us, But It's 3D! - (2020-11-11)","Among Us, But It's 3D!",2020-11-11,2020-11-11 14:03:22,791,35169563,44462.2,948587,0.026971816510770977,37146,0.0010561973715738236,615,10.25
"First To Defeat Hardest Boss Wins $10,000! - (2020-11-09)","First To Defeat Hardest Boss Wins $10,000!",2020-11-09,2020-11-09 14:30:43,793,10342988,13042.9,394941,0.03818442020816422,20925,0.0020231097628654313,611,10.183333333333334
"The Craziest 8,000 IQ Among Us Outplay Ever! - (2020-11-05)","The Craziest 8,000 IQ Among Us Outplay Ever!",2020-11-05,2020-11-05 15:21:18,797,38598931,48430.3,907893,0.02352119544450596,30972,0.0008024056417520993,601,10.016666666666667
"Whatever You Buy, I'll Pay For! - (2020-11-02)","Whatever You Buy, I'll Pay For!",2020-11-02,2020-11-02 14:00:53,800,39785877,49732.3,904552,0.022735504862692858,28393,0.000713645196258964,601,10.016666666666667
"Among Us But PewDiePie Goes 90,000 IQ! - (2020-10-31)","Among Us But PewDiePie Goes 90,000 IQ!",2020-10-31,2020-10-31 14:04:13,802,49975029,62313.0,1091143,0.021833764218526015,38935,0.0007790890926746636,614,10.233333333333333
Breaking As Many Laws As Possible in 1 Hour! - (2020-10-28),Breaking As Many Laws As Possible in 1 Hour!,2020-10-28,2020-10-28 17:34:56,805,24520672,30460.5,611212,0.024926396796955647,27842,0.0011354501214322348,616,10.266666666666667
"Among Us But Every Winner Gets $10,000! - (2020-10-23)","Among Us But Every Winner Gets $10,000!",2020-10-23,2020-10-23 13:00:01,810,22152272,27348.5,684765,0.030911727699984903,25731,0.0011615512846718387,504,8.4
"I Made a $20,000 Among Us Challenge! - (2020-10-21)","I Made a $20,000 Among Us Challenge!",2020-10-21,2020-10-21 13:02:15,812,31294760,38540.3,778315,0.02487045754624736,29545,0.0009440877642135616,626,10.433333333333334
Win This Game & I'll Give You a Tesla! - (2020-10-18),Win This Game & I'll Give You a Tesla!,2020-10-18,2020-10-18 14:04:17,815,17189234,21091.1,535881,0.031175385709450464,30809,0.001792342811785563,657,10.95
Among Us With 100 Real Players! - (2020-10-16),Among Us With 100 Real Players!,2020-10-16,2020-10-16 13:36:36,817,61514434,75293.1,1256362,0.020423856943884097,46928,0.0007628778637547084,613,10.216666666666667
I Visited All 7 Wonders of The World! - (2020-10-11),I Visited All 7 Wonders of The World!,2020-10-11,2020-10-11 14:31:20,822,22227069,27040.2,672271,0.030245598283786316,658636,0.02963215707838042,606,10.1
"Among Us but LazarBeam Goes 4,000 IQ! - (2020-10-08)","Among Us but LazarBeam Goes 4,000 IQ!",2020-10-08,2020-10-08 13:43:36,825,47388297,57440.4,1128534,0.0238146139752606,49121,0.0010365639432031077,601,10.016666666666667
The Funniest Challenge in Watch Dogs: Legion! - (2020-10-06),The Funniest Challenge in Watch Dogs: Legion!,2020-10-06,2020-10-06 13:01:28,827,9773651,11818.2,335886,0.03436648188072195,17670,0.0018079221367736582,608,10.133333333333333
I Went on a 900 IQ Rampage in Among Us! - (2020-10-04),I Went on a 900 IQ Rampage in Among Us!,2020-10-04,2020-10-04 13:19:41,829,47347934,57114.5,1113910,0.023526052900217358,41954,0.0008860787885697399,607,10.116666666666667
The Best Rocket League Game Ever! - (2020-10-02),The Best Rocket League Game Ever!,2020-10-02,2020-10-02 13:56:05,831,39060143,47003.8,735302,0.01882486707741956,59179,0.0015150738183421397,602,10.033333333333333
I Made Minecraft Only 1 Block Wide! - (2020-09-30),I Made Minecraft Only 1 Block Wide!,2020-09-30,2020-09-30 14:01:50,833,48813352,58599.5,895457,0.018344509510430672,49234,0.0010086174782670118,633,10.55
Among Us But Dream Goes 900 IQ! - (2020-09-27),Among Us But Dream Goes 900 IQ!,2020-09-27,2020-09-27 12:25:45,836,67962466,81294.8,1409902,0.02074530373868423,42931,0.0006316869078882453,612,10.2
The Worst GTA 5 Graphics! - (2020-09-25),The Worst GTA 5 Graphics!,2020-09-25,2020-09-25 13:01:28,838,41799076,49879.6,937946,0.022439395550274844,89766,0.0021475594340889257,753,12.55
The Most Insane 900 IQ Among Us Outplay! - (2020-09-22),The Most Insane 900 IQ Among Us Outplay!,2020-09-22,2020-09-22 12:45:34,841,75622411,89919.6,1582911,0.02093177113858483,50644,0.0006696956541097321,609,10.15
Can You Stop The Train in GTA 5? - (2020-09-20),Can You Stop The Train in GTA 5?,2020-09-20,2020-09-20 12:38:53,843,61404589,72840.6,1456364,0.02371751075477437,1908566,0.03108181377128019,663,11.05
"Make This Jump and I'll Give you $10,000! - (2020-09-18)","Make This Jump and I'll Give you $10,000!",2020-09-18,2020-09-18 13:00:47,845,23170780,27421.0,658674,0.028426923910200692,24176,0.0010433830885278785,606,10.1
I Made a 100 Player Skyblock Challenge! - (2020-09-16),I Made a 100 Player Skyblock Challenge!,2020-09-16,2020-09-16 14:20:18,847,50228531,59301.7,880305,0.017525995335201022,30195,0.0006011523609957854,687,11.45
"Minecraft, But Everything is 100x Faster! - (2020-09-12)","Minecraft, But Everything is 100x Faster!",2020-09-12,2020-09-12 12:33:15,851,43334350,50921.7,725178,0.016734484306329737,30217,0.0006972990249074926,621,10.35
I Installed The GTA V Chaos Mod! - (2020-09-09),I Installed The GTA V Chaos Mod!,2020-09-09,2020-09-09 13:00:19,854,53650153,62822.2,915404,0.017062467650371844,31357,0.0005844717721494661,638,10.633333333333333
I Made My Own Country In Minecraft! - (2020-09-07),I Made My Own Country In Minecraft!,2020-09-07,2020-09-07 13:01:14,856,40197029,46959.1,748612,0.018623565438132254,27704,0.0006892051648891762,603,10.05
The World's Hardest Video Game! - (2020-09-04),The World's Hardest Video Game!,2020-09-04,2020-09-04 13:32:50,859,51613103,60085.1,1120313,0.02170598035928977,52074,0.0010089298448109193,615,10.25
The Ultimate GTA V Stunt Race! - (2020-09-02),The Ultimate GTA V Stunt Race!,2020-09-02,2020-09-02 13:00:32,861,63812510,74114.4,942878,0.014775754785386126,32908,0.0005156982541511061,622,10.366666666666667
I Made a 100 Island Building Competition! - (2020-08-31),I Made a 100 Island Building Competition!,2020-08-31,2020-08-31 13:34:39,863,63224439,73261.2,1186014,0.01875879041014504,44932,0.000710674554186238,678,11.3
"$100,000 Dream vs Technoblade Duel! - (2020-08-29)","$100,000 Dream vs Technoblade Duel!",2020-08-29,2020-08-29 13:00:12,865,36216994,41869.4,1698564,0.04689964053891386,463766,0.012805204098385415,864,14.4
Can You Beat Fall Guys Without Jumping?! - (2020-08-26),Can You Beat Fall Guys Without Jumping?!,2020-08-26,2020-08-26 12:11:37,868,40071589,46165.4,962922,0.024030042831593226,41456,0.001034548442788231,644,10.733333333333333
Can You Survive The Massive Tsunami? - (2020-08-24),Can You Survive The Massive Tsunami?,2020-08-24,2020-08-24 12:17:20,870,37982652,43658.2,907083,0.023881507799929293,34749,0.0009148650283819044,703,11.716666666666667
Steal It & I'll Buy You a Real Diamond! - (2020-08-21),Steal It & I'll Buy You a Real Diamond!,2020-08-21,2020-08-21 12:19:34,873,23590050,27021.8,687901,0.02916064188079296,34586,0.0014661266084641618,658,10.966666666666667
"Extreme $20,000 Fall Guys Challenge! - (2020-08-19)","Extreme $20,000 Fall Guys Challenge!",2020-08-19,2020-08-19 12:02:32,875,47413311,54186.6,1037934,0.021891194226026527,46122,0.0009727648001633971,601,10.016666666666667
"Minecraft, but Lava Rises Every Minute! - (2020-08-17)","Minecraft, but Lava Rises Every Minute!",2020-08-17,2020-08-17 13:23:51,877,40264327,45911.4,831248,0.020644775709277346,34016,0.0008448172994422582,604,10.066666666666666
GTA V with Ultra Realistic Graphics Mod! - (2020-08-14),GTA V with Ultra Realistic Graphics Mod!,2020-08-14,2020-08-14 13:23:18,880,53955878,61313.5,1114938,0.02066388392382383,36786,0.0006817792864013815,663,11.05
I Downloaded The World's Hardest Mod! - (2020-08-11),I Downloaded The World's Hardest Mod!,2020-08-11,2020-08-11 12:38:00,883,27248892,30859.4,696061,0.02554456159171536,29425,0.0010798604214806238,605,10.083333333333334
"Raiding Servers With 10,000 People! - (2020-08-08)","Raiding Servers With 10,000 People!",2020-08-08,2020-08-08 13:02:58,886,21699423,24491.4,598670,0.027589212856028476,19922,0.0009180889279867027,634,10.566666666666666
"Whatever You Build, I'll Pay For! - (2020-08-06)","Whatever You Build, I'll Pay For!",2020-08-06,2020-08-06 12:00:23,888,102415804,115333.1,4901080,0.04785472367135838,201501,0.0019674795503240887,668,11.133333333333333
"Minecraft, But Everything is Random! - (2020-08-02)","Minecraft, But Everything is Random!",2020-08-02,2020-08-02 12:17:36,892,84726686,94985.1,1211744,0.014301798609236293,47824,0.0005644502606888224,642,10.7
Extreme 1:1 City Hide and Seek! - (2020-07-31),Extreme 1:1 City Hide and Seek!,2020-07-31,2020-07-31 12:01:13,894,26302455,29421.1,571152,0.02171477909571559,18359,0.000697995681391718,691,11.516666666666667
4 Hackers Vs 100 Players! - (2020-07-29),4 Hackers Vs 100 Players!,2020-07-29,2020-07-29 12:03:50,896,23254851,25954.1,589690,0.025357719987111508,20456,0.0008796444234366413,487,8.116666666666667
Playing GTA 5 Without Breaking Any Laws! - (2020-07-25),Playing GTA 5 Without Breaking Any Laws!,2020-07-25,2020-07-25 12:08:31,900,70098326,77887.0,1248199,0.017806402395400996,37058,0.0005286574175822687,639,10.65
I Got Hunted By 100 Players in Minecraft! - (2020-07-22),I Got Hunted By 100 Players in Minecraft!,2020-07-22,2020-07-22 13:42:59,903,29574708,32751.6,696108,0.023537273808417653,21313,0.0007206495496084018,602,10.033333333333333
"$10,000 World Height Jump Challenge! - (2020-07-19)","$10,000 World Height Jump Challenge!",2020-07-19,2020-07-19 12:00:43,906,49050232,54139.3,958524,0.01954168127074302,22212,0.00045284189481509485,612,10.2
Playing Horrible Fortnite Clones! - (2020-07-17),Playing Horrible Fortnite Clones!,2020-07-17,2020-07-17 12:08:20,908,23747020,26153.1,501790,0.021130651340673483,37267,0.0015693337521929067,604,10.066666666666666
I Downloaded 1000+ Minecraft Mods! - (2020-07-15),I Downloaded 1000+ Minecraft Mods!,2020-07-15,2020-07-15 12:05:20,910,27225934,29918.6,564250,0.020724725182981785,26989,0.0009912974886371207,665,11.083333333333334
Climbing The World's Tallest Mountain! - (2020-07-12),Climbing The World's Tallest Mountain!,2020-07-12,2020-07-12 11:03:04,913,33331634,36507.8,835722,0.025072938218390375,32485,0.000974599685091946,626,10.433333333333334
Minecraft But It's Raining Arrows! - (2020-07-10),Minecraft But It's Raining Arrows!,2020-07-10,2020-07-10 11:01:15,915,37297352,40762.1,793931,0.021286524576865404,27505,0.0007374518169547264,610,10.166666666666666
"First To Mine Netherite Wins $10,000! - (2020-07-08)","First To Mine Netherite Wins $10,000!",2020-07-08,2020-07-08 11:02:10,917,50810454,55409.4,915753,0.018022924967369902,26576,0.0005230419708511165,712,11.866666666666667
Building My Entire City in 24 hours! - (2020-07-05),Building My Entire City in 24 hours!,2020-07-05,2020-07-05 13:17:41,920,27763214,30177.4,726791,0.02617820112613763,27818,0.0010019733306093452,602,10.033333333333333
I Made a 100 Player Building Competition! - (2020-07-03),I Made a 100 Player Building Competition!,2020-07-03,2020-07-03 11:30:15,922,73345759,79550.7,2691120,0.03669087397404941,43939,0.0005990666754160933,697,11.616666666666667
"I Played Minecraft Mini Golf For $10,000! - (2020-07-01)","I Played Minecraft Mini Golf For $10,000!",2020-07-01,2020-07-01 12:29:55,924,25851593,27977.9,530631,0.020526046499339517,13905,0.0005378778785508499,664,11.066666666666666
Playing The Worst Rated Video Game! - (2020-06-28),Playing The Worst Rated Video Game!,2020-06-28,2020-06-28 11:34:53,927,31471571,33949.9,669790,0.021282382121947455,20812,0.0006612952368980882,811,13.516666666666667
I Opened A Free Store In Minecraft! - (2020-06-26),I Opened A Free Store In Minecraft!,2020-06-26,2020-06-26 11:01:59,929,36472094,39259.5,817112,0.02240375888480656,24987,0.0006850991336006098,638,10.633333333333333
Best Minecraft Player vs 100 Players! - (2020-06-24),Best Minecraft Player vs 100 Players!,2020-06-24,2020-06-24 11:01:53,931,52053698,55911.6,1091354,0.02096592637856392,47633,0.0009150742757988106,826,13.766666666666667
"Last to Survive Raining TNT wins $10,000 - Challenge - (2020-06-21)","Last to Survive Raining TNT wins $10,000 - Challenge",2020-06-21,2020-06-21 13:02:29,934,22562501,24156.9,520129,0.02305280784253483,14007,0.0006208088367508548,721,12.016666666666667
"Epic $10,000 Prison Escape - Challenge - (2020-06-19)","Epic $10,000 Prison Escape - Challenge",2020-06-19,2020-06-19 15:01:02,936,23672065,25290.7,406173,0.01715832564670636,9991,0.0004220586585918888,817,13.616666666666667
"Last to Survive Desert wins $10,000 - Challenge - (2020-06-17)","Last to Survive Desert wins $10,000 - Challenge",2020-06-17,2020-06-17 15:02:52,938,14552196,15514.1,300502,0.020649941768238967,9733,0.000668833762272031,722,12.033333333333333
"First to Raid Doomsday Bunker wins $10,000 - Challenge - (2020-06-14)","First to Raid Doomsday Bunker wins $10,000 - Challenge",2020-06-14,2020-06-14 13:11:51,941,9344093,9930.0,260930,0.02792459364434836,9212,0.000985863475459844,658,10.966666666666667
Beating Minecraft But I Explode Every Minute - Part 2 - (2020-06-12),Beating Minecraft But I Explode Every Minute - Part 2,2020-06-12,2020-06-12 15:01:12,943,12367728,13115.3,297773,0.024076612939741237,10544,0.0008525413883617104,668,11.133333333333333
Beating Minecraft But I Explode Every Minute - (2020-06-10),Beating Minecraft But I Explode Every Minute,2020-06-10,2020-06-10 16:02:54,945,7791576,8245.1,253596,0.0325474589479715,10319,0.0013243790473198233,669,11.15
"Last to Survive Deserted Island Wins $10,000 - Challenge - (2020-06-07)","Last to Survive Deserted Island Wins $10,000 - Challenge",2020-06-07,2020-06-07 13:01:08,948,36049986,38027.4,760894,0.021106637877751185,17241,0.0004782526129136361,679,11.316666666666666
"$10,000 Extreme Hide and Seek - Challenge - (2020-06-05)","$10,000 Extreme Hide and Seek - Challenge",2020-06-05,2020-06-05 15:00:18,950,45841500,48254.2,806930,0.01760260898967093,17589,0.00038369163312718823,762,12.7
"First To Raid Area 51 Wins $10,000 - Challenge - (2020-06-03)","First To Raid Area 51 Wins $10,000 - Challenge",2020-06-03,2020-06-03 15:00:13,952,12124307,12735.6,341014,0.02812647353782777,10077,0.0008311402870283638,627,10.45
"Last to Survive Abandoned City wins $10,000 - Challenge - (2020-05-31)","Last to Survive Abandoned City wins $10,000 - Challenge",2020-05-31,2020-05-31 13:01:17,955,21440017,22450.3,474392,0.022126474993000238,15272,0.0007123128680355058,689,11.483333333333333
"Last to Survive Extreme Roulette wins $10,000 - Challenge - (2020-05-29)","Last to Survive Extreme Roulette wins $10,000 - Challenge",2020-05-29,2020-05-29 15:17:08,957,23505593,24561.7,509989,0.02169649580846567,14290,0.0006079404165638365,723,12.05
"Last to Survive Plane Crash wins $10,000 - Challenge - (2020-05-27)","Last to Survive Plane Crash wins $10,000 - Challenge",2020-05-27,2020-05-27 16:05:58,959,27831857,29021.7,577030,0.020732716469475967,14071,0.0005055717266727836,732,12.2
"Last to Survive Volcano wins $10,000 - Challenge - (2020-05-24)","Last to Survive Volcano wins $10,000 - Challenge",2020-05-24,2020-05-24 12:01:42,962,13356853,13884.5,340427,0.025487066451955413,13060,0.0009777752289405297,729,12.15
"$10,000 Obstacle Course - Challenge - (2020-05-22)","$10,000 Obstacle Course - Challenge",2020-05-22,2020-05-22 15:01:29,964,11657698,12093.0,299074,0.025654636103971812,8515,0.0007304186469747286,658,10.966666666666667
"Last to Survive Random Blocks wins $10,000 - Challenge - (2020-05-20)","Last to Survive Random Blocks wins $10,000 - Challenge",2020-05-20,2020-05-20 15:01:40,966,23554344,24383.4,626823,0.02661177912660187,17120,0.0007268298365685752,636,10.6
"Last to Survive Arena wins $10,000 - Challenge - (2020-05-16)","Last to Survive Arena wins $10,000 - Challenge",2020-05-16,2020-05-16 14:35:31,970,24573324,25333.3,440258,0.017916094704973573,12194,0.0004962291629736376,662,11.033333333333333
"$10,000 Bank robbery - Challenge - (2020-05-14)","$10,000 Bank robbery - Challenge",2020-05-14,2020-05-14 15:16:51,972,15902014,16360.1,323065,0.020315980101639954,7764,0.000488240043053666,664,11.066666666666666
"Last To Survive Wins $10,000 - Challenge - (2020-05-12)","Last To Survive Wins $10,000 - Challenge",2020-05-12,2020-05-12 15:00:11,974,41232018,42332.7,710214,0.017224817858781494,24480,0.0005937133613009191,755,12.583333333333334
